	20	32	
0x21.png	21	33	
0x23.png	23	35	
0x24.png	24	36	
0x25.png	25	37	
0x26.png	26	38	
0x27.png	27	39	
0x28.png	28	40	
0x29.png	29	41	
0x2a.png	2a	42	
0x2b.png	2b	43	
0x2c.png	2c	44	
0x2d.png	2d	45	
0x2e.png	2e	46	
0x2f.png	2f	47	
0x30.png	30	48	
0x31.png	31	49	
0x32.png	32	50	
0x33.png	33	51	
0x34.png	34	52	
0x35.png	35	53	
0x36.png	36	54	
0x37.png	37	55	
0x38.png	38	56	
0x39.png	39	57	
0x3a.png	3a	58	
0x3b.png	3b	59	
0x3c.png	3c	60	
0x3d.png	3d	61	
0x3e.png	3e	62	
0x3f.png	3f	63	
0x40.png	40	64	
0x41.png	41	65	
0x42.png	42	66	
0x43.png	43	67	
0x44.png	44	68	
0x45.png	45	69	
0x46.png	46	70	
0x47.png	47	71	
0x48.png	48	72	
0x49.png	49	73	
0x4a.png	4a	74	
0x4b.png	4b	75	
0x4c.png	4c	76	
0x4d.png	4d	77	
0x4e.png	4e	78	
0x4f.png	4f	79	
0x50.png	50	80	
0x51.png	51	81	
0x52.png	52	82	
0x53.png	53	83	
0x54.png	54	84	
0x55.png	55	85	
0x56.png	56	86	
0x57.png	57	87	
0x58.png	58	88	
0x59.png	59	89	
0x5a.png	5a	90	
0x5b.png	5b	91	
0x5c.png	5c	92	
0x5d.png	5d	93	
0x5e.png	5e	94	
0x5f.png	5f	95	
0x60.png	60	96	
0x61.png	61	97	
0x62.png	62	98	
0x63.png	63	99	
0x64.png	64	100	
0x65.png	65	101	
0x66.png	66	102	
0x67.png	67	103	
0x68.png	68	104	
0x69.png	69	105	
0x6a.png	6a	106	
0x6b.png	6b	107	
0x6c.png	6c	108	
0x6d.png	6d	109	
0x6e.png	6e	110	
0x6f.png	6f	111	
0x70.png	70	112	
0x71.png	71	113	
0x72.png	72	114	
0x73.png	73	115	
0x74.png	74	116	
0x75.png	75	117	
0x76.png	76	118	
0x77.png	77	119	
0x78.png	78	120	
0x79.png	79	121	
0x7a.png	7a	122	
0x7b.png	7b	123	
0x7c.png	7c	124	
0x7d.png	7d	125	
0x7e.png	7e	126	
0xa4.png	a4	164	
0xa6.png	a6	166	
0xa7.png	a7	167	
0xa8.png	a8	168	
0xa9.png	a9	169	
0xab.png	ab	171	
0xac.png	ac	172	
0xae.png	ae	174	
0xb0.png	b0	176	
0xb4.png	b4	180	
0xb5.png	b5	181	
0xb6.png	b6	182	
0xb7.png	b7	183	
0xb8.png	b8	184	
0xbb.png	bb	187	
0xc1.png	c1	193	
0xc2.png	c2	194	
0xc4.png	c4	196	
0xc7.png	c7	199	
0xc9.png	c9	201	
0xcb.png	cb	203	
0xcd.png	cd	205	
0xce.png	ce	206	
0xd3.png	d3	211	
0xd4.png	d4	212	
0xd6.png	d6	214	
0xd7.png	d7	215	
0xda.png	da	218	
0xdc.png	dc	220	
0xdd.png	dd	221	
0xdf.png	df	223	
0xe1.png	e1	225	
0xe2.png	e2	226	
0xe4.png	e4	228	
0xe7.png	e7	231	
0xe9.png	e9	233	
0xeb.png	eb	235	
0xed.png	ed	237	
0xee.png	ee	238	
0xf3.png	f3	243	
0xf4.png	f4	244	
0xf6.png	f6	246	
0xf7.png	f7	247	
0x160.png	160	352	
0x161.png	161	353	
0x17d.png	17d	381	
0x2013.png	2013	8211	
0x2014.png	2014	8212	
0x2018.png	2018	8216	
0x2019.png	2019	8217	
0x201a.png	201a	8218	
0x201c.png	201c	8220	
0x201d.png	201d	8221	
0x201e.png	201e	8222	
0x2020.png	2020	8224	
0x2021.png	2021	8225	
0x2022.png	2022	8226	
0x2026.png	2026	8230	
0x2030.png	2030	8240	
0x2039.png	2039	8249	
0x203a.png	203a	8250	
0x2122.png	2122	8482	
0xea00.png	ea00	59904	
0xea01.png	ea01	59905	
0xea02.png	ea02	59906	
0xea03.png	ea03	59907	
0xea05.png	ea05	59909	
0xea06.png	ea06	59910	
0xea07.png	ea07	59911	
0xea08.png	ea08	59912	
0xea09.png	ea09	59913	
0xea0a.png	ea0a	59914	
0xea0b.png	ea0b	59915	
0xea0c.png	ea0c	59916	
0xea0d.png	ea0d	59917	
0xea0e.png	ea0e	59918	
0xea0f.png	ea0f	59919	
0xea10.png	ea10	59920	
0xea11.png	ea11	59921	
0xea12.png	ea12	59922	
0xea13.png	ea13	59923	
0xea14.png	ea14	59924	
0xea15.png	ea15	59925	
0xea16.png	ea16	59926	
0xea20.png	ea20	59936	
0xea21.png	ea21	59937	
0xea22.png	ea22	59938	
0xea23.png	ea23	59939	
0xea24.png	ea24	59940	
0xea25.png	ea25	59941	
0xea26.png	ea26	59942	
0xea27.png	ea27	59943	
0xea30.png	ea30	59952	
0xea31.png	ea31	59953	
0xea32.png	ea32	59954	
0xea33.png	ea33	59955	
0xea34.png	ea34	59956	
0xea35.png	ea35	59957	
0xea36.png	ea36	59958	
0xea37.png	ea37	59959	
0xea38.png	ea38	59960	
0xea39.png	ea39	59961	
0xea3a.png	ea3a	59962	
0xea3b.png	ea3b	59963	
0xea3f.png	ea3f	59967	
0xea41.png	ea41	59969	
0xea42.png	ea42	59970	
0xea43.png	ea43	59971	
0xea44.png	ea44	59972	
0xea45.png	ea45	59973	
0xea46.png	ea46	59974	
0xea47.png	ea47	59975	
0xea48.png	ea48	59976	
0xea49.png	ea49	59977	
0xea4a.png	ea4a	59978	
0xea4f.png	ea4f	59983	
0xea50.png	ea50	59984	
0xea51.png	ea51	59985	
0xea52.png	ea52	59986	
0xea53.png	ea53	59987	
0xea54.png	ea54	59988	
0xea55.png	ea55	59989	
0xea56.png	ea56	59990	
0xea57.png	ea57	59991	
0xea58.png	ea58	59992	
0xea59.png	ea59	59993	
0xea5a.png	ea5a	59994	
0xea5b.png	ea5b	59995	
0xea60.png	ea60	60000	
0xea61.png	ea61	60001	
0xea62.png	ea62	60002	
0xea63.png	ea63	60003	
0xea64.png	ea64	60004	
0xea65.png	ea65	60005	
0xea66.png	ea66	60006	
0xea67.png	ea67	60007	
0xea68.png	ea68	60008	
0xea69.png	ea69	60009	
0xea6a.png	ea6a	60010	
0xea6b.png	ea6b	60011	
0xea71.png	ea71	60017	
0xea72.png	ea72	60018	
0xea73.png	ea73	60019	
0xea74.png	ea74	60020	
0xea75.png	ea75	60021	
0xea76.png	ea76	60022	
0xea77.png	ea77	60023	
0xea78.png	ea78	60024	
0xea79.png	ea79	60025	
0xea7a.png	ea7a	60026	
0xea7b.png	ea7b	60027	
0xea80.png	ea80	60032	
0xea81.png	ea81	60033	
0xea82.png	ea82	60034	
0xea83.png	ea83	60035	
0xea84.png	ea84	60036	
0xea85.png	ea85	60037	
0xea86.png	ea86	60038	
0xea87.png	ea87	60039	
0xea88.png	ea88	60040	
0xea89.png	ea89	60041	
0xea8a.png	ea8a	60042	
0xea8b.png	ea8b	60043	
0xea8f.png	ea8f	60047	
0xea90.png	ea90	60048	
0xea91.png	ea91	60049	
0xea92.png	ea92	60050	
0xea93.png	ea93	60051	
0xea94.png	ea94	60052	
0xea95.png	ea95	60053	
0xea96.png	ea96	60054	
0xea97.png	ea97	60055	
0xea98.png	ea98	60056	
0xea99.png	ea99	60057	
0xea9a.png	ea9a	60058	
0xeaa0.png	eaa0	60064	
0xeaa1.png	eaa1	60065	
0xeaa2.png	eaa2	60066	
0xeaa3.png	eaa3	60067	
0xeaa4.png	eaa4	60068	
0xeaa5.png	eaa5	60069	
0xeaa6.png	eaa6	60070	
0xeaa7.png	eaa7	60071	
0xeaa8.png	eaa8	60072	
0xeaa9.png	eaa9	60073	
0xeaaa.png	eaaa	60074	
0xeaab.png	eaab	60075	
0xeaae.png	eaae	60078	
0xeaaf.png	eaaf	60079	
0xeab0.png	eab0	60080	
0xeab1.png	eab1	60081	
0xeab2.png	eab2	60082	
0xeab3.png	eab3	60083	
0xeab4.png	eab4	60084	
0xeab5.png	eab5	60085	
0xeab6.png	eab6	60086	
0xeab7.png	eab7	60087	
0xeab8.png	eab8	60088	
0xeab9.png	eab9	60089	
0xeaba.png	eaba	60090	
0xead0.png	ead0	60112	
0xead1.png	ead1	60113	
0xead2.png	ead2	60114	
0xead3.png	ead3	60115	
0xead4.png	ead4	60116	
0xead5.png	ead5	60117	
0xead6.png	ead6	60118	
0xead7.png	ead7	60119	
0xead8.png	ead8	60120	
0xead9.png	ead9	60121	
0xeada.png	eada	60122	
0xeae0.png	eae0	60128	
0xeae1.png	eae1	60129	
0xeae2.png	eae2	60130	
0xeae3.png	eae3	60131	
0xeae4.png	eae4	60132	
0xeae5.png	eae5	60133	
0xeae6.png	eae6	60134	
0xeae7.png	eae7	60135	
0xeae8.png	eae8	60136	
0xeae9.png	eae9	60137	
0xeaea.png	eaea	60138	
0xeaf1.png	eaf1	60145	
0xeaf2.png	eaf2	60146	
0xeaf3.png	eaf3	60147	
0xeaf4.png	eaf4	60148	
0xeaf5.png	eaf5	60149	
0xeaf6.png	eaf6	60150	
0xeaf7.png	eaf7	60151	
0xeaf8.png	eaf8	60152	
0xeaf9.png	eaf9	60153	
0xeafa.png	eafa	60154	
0xeb01.png	eb01	60161	
0xeb02.png	eb02	60162	
0xeb03.png	eb03	60163	
0xeb04.png	eb04	60164	
0xeb05.png	eb05	60165	
0xeb06.png	eb06	60166	
0xeb07.png	eb07	60167	
0xeb08.png	eb08	60168	
0xeb09.png	eb09	60169	
0xeb0a.png	eb0a	60170	
0xeb12.png	eb12	60178	
0xeb13.png	eb13	60179	
0xeb14.png	eb14	60180	
0xeb15.png	eb15	60181	
0xeb16.png	eb16	60182	
0xeb17.png	eb17	60183	
0xeb18.png	eb18	60184	
0xeb19.png	eb19	60185	
0xeb1a.png	eb1a	60186	
0xeb22.png	eb22	60194	
0xeb23.png	eb23	60195	
0xeb24.png	eb24	60196	
0xeb25.png	eb25	60197	
0xeb26.png	eb26	60198	
0xeb27.png	eb27	60199	
0xeb28.png	eb28	60200	
0xeb29.png	eb29	60201	
0xeb2a.png	eb2a	60202	
0xeb31.png	eb31	60209	
0xeb32.png	eb32	60210	
0xeb33.png	eb33	60211	
0xeb34.png	eb34	60212	
0xeb35.png	eb35	60213	
0xeb36.png	eb36	60214	
0xeb37.png	eb37	60215	
0xeb38.png	eb38	60216	
0xeb39.png	eb39	60217	
0xeb3a.png	eb3a	60218	
0xeb3b.png	eb3b	60219	
0xeb41.png	eb41	60225	
0xeb42.png	eb42	60226	
0xeb43.png	eb43	60227	
0xeb44.png	eb44	60228	
0xeb45.png	eb45	60229	
0xeb46.png	eb46	60230	
0xeb47.png	eb47	60231	
0xeb48.png	eb48	60232	
0xeb49.png	eb49	60233	
0xeb4a.png	eb4a	60234	
0xeb4b.png	eb4b	60235	
0xeb50.png	eb50	60240	
0xeb51.png	eb51	60241	
0xeb52.png	eb52	60242	
0xeb53.png	eb53	60243	
0xeb54.png	eb54	60244	
0xeb55.png	eb55	60245	
0xeb56.png	eb56	60246	
0xeb57.png	eb57	60247	
0xeb58.png	eb58	60248	
0xeb59.png	eb59	60249	
0xeb5a.png	eb5a	60250	
0xeb5f.png	eb5f	60255	
0xeb60.png	eb60	60256	
0xeb61.png	eb61	60257	
0xeb62.png	eb62	60258	
0xeb63.png	eb63	60259	
0xeb64.png	eb64	60260	
0xeb65.png	eb65	60261	
0xeb66.png	eb66	60262	
0xeb67.png	eb67	60263	
0xeb68.png	eb68	60264	
0xeb69.png	eb69	60265	
0xeb6a.png	eb6a	60266	
0xeb6b.png	eb6b	60267	
0xeb70.png	eb70	60272	
0xeb71.png	eb71	60273	
0xeb72.png	eb72	60274	
0xeb73.png	eb73	60275	
0xeb74.png	eb74	60276	
0xeb75.png	eb75	60277	
0xeb76.png	eb76	60278	
0xeb77.png	eb77	60279	
0xeb78.png	eb78	60280	
0xeb79.png	eb79	60281	
0xeb7a.png	eb7a	60282	
0xeb7f.png	eb7f	60287	
0xeb80.png	eb80	60288	
0xeb81.png	eb81	60289	
0xeb82.png	eb82	60290	
0xeb83.png	eb83	60291	
0xeb84.png	eb84	60292	
0xeb85.png	eb85	60293	
0xeb86.png	eb86	60294	
0xeb87.png	eb87	60295	
0xeb88.png	eb88	60296	
0xeb89.png	eb89	60297	
0xeb8a.png	eb8a	60298	
0xeb8f.png	eb8f	60303	
0xeb90.png	eb90	60304	
0xeb91.png	eb91	60305	
0xeb92.png	eb92	60306	
0xeb93.png	eb93	60307	
0xeb94.png	eb94	60308	
0xeb95.png	eb95	60309	
0xeb96.png	eb96	60310	
0xeb97.png	eb97	60311	
0xeb98.png	eb98	60312	
0xeb99.png	eb99	60313	
0xeb9a.png	eb9a	60314	
0xeb9f.png	eb9f	60319	
0xeba0.png	eba0	60320	
0xeba1.png	eba1	60321	
0xeba2.png	eba2	60322	
0xeba3.png	eba3	60323	
0xeba4.png	eba4	60324	
0xeba5.png	eba5	60325	
0xeba6.png	eba6	60326	
0xeba7.png	eba7	60327	
0xeba8.png	eba8	60328	
0xeba9.png	eba9	60329	
0xebaa.png	ebaa	60330	
0xebb0.png	ebb0	60336	
0xebb1.png	ebb1	60337	
0xebb2.png	ebb2	60338	
0xebb3.png	ebb3	60339	
0xebb4.png	ebb4	60340	
0xebb5.png	ebb5	60341	
0xebb6.png	ebb6	60342	
0xebb7.png	ebb7	60343	
0xebb8.png	ebb8	60344	
0xebb9.png	ebb9	60345	
0xebba.png	ebba	60346	
0xebbf.png	ebbf	60351	
0xebc0.png	ebc0	60352	
0xebc1.png	ebc1	60353	
0xebc2.png	ebc2	60354	
0xebc3.png	ebc3	60355	
0xebc4.png	ebc4	60356	
0xebc5.png	ebc5	60357	
0xebc6.png	ebc6	60358	
0xebc7.png	ebc7	60359	
0xebc8.png	ebc8	60360	
0xebc9.png	ebc9	60361	
0xebca.png	ebca	60362	
0xebcf.png	ebcf	60367	
0xebd0.png	ebd0	60368	
0xebd1.png	ebd1	60369	
0xebd2.png	ebd2	60370	
0xebd3.png	ebd3	60371	
0xebd4.png	ebd4	60372	
0xebd5.png	ebd5	60373	
0xebd6.png	ebd6	60374	
0xebd7.png	ebd7	60375	
0xebd8.png	ebd8	60376	
0xebd9.png	ebd9	60377	
0xebda.png	ebda	60378	
0xebdf.png	ebdf	60383	
0xebe0.png	ebe0	60384	
0xebe1.png	ebe1	60385	
0xebe2.png	ebe2	60386	
0xebe3.png	ebe3	60387	
0xebe4.png	ebe4	60388	
0xebe5.png	ebe5	60389	
0xebe6.png	ebe6	60390	
0xebe7.png	ebe7	60391	
0xebe8.png	ebe8	60392	
0xebe9.png	ebe9	60393	
0xebea.png	ebea	60394	
0xebef.png	ebef	60399	
0xebf0.png	ebf0	60400	
0xebf1.png	ebf1	60401	
0xebf2.png	ebf2	60402	
0xebf3.png	ebf3	60403	
0xebf4.png	ebf4	60404	
0xebf5.png	ebf5	60405	
0xebf6.png	ebf6	60406	
0xebf7.png	ebf7	60407	
0xebf8.png	ebf8	60408	
0xebf9.png	ebf9	60409	
0xec00.png	ec00	60416	
0xec01.png	ec01	60417	
0xec02.png	ec02	60418	
0xec03.png	ec03	60419	
0xec04.png	ec04	60420	
0xec05.png	ec05	60421	
0xec06.png	ec06	60422	
0xec07.png	ec07	60423	
0xec08.png	ec08	60424	
0xec09.png	ec09	60425	
0xec0f.png	ec0f	60431	
0xec10.png	ec10	60432	
0xec11.png	ec11	60433	
0xec12.png	ec12	60434	
0xec13.png	ec13	60435	
0xec14.png	ec14	60436	
0xec15.png	ec15	60437	
0xec16.png	ec16	60438	
0xec17.png	ec17	60439	
0xec18.png	ec18	60440	
0xec19.png	ec19	60441	
0xec1a.png	ec1a	60442	
0xec20.png	ec20	60448	
0xec21.png	ec21	60449	
0xec22.png	ec22	60450	
0xec23.png	ec23	60451	
0xec24.png	ec24	60452	
0xec25.png	ec25	60453	
0xec26.png	ec26	60454	
0xec27.png	ec27	60455	
0xec28.png	ec28	60456	
0xec29.png	ec29	60457	
0xec2a.png	ec2a	60458	
0xec30.png	ec30	60464	
0xec31.png	ec31	60465	
0xec32.png	ec32	60466	
0xec33.png	ec33	60467	
0xec34.png	ec34	60468	
0xec35.png	ec35	60469	
0xec36.png	ec36	60470	
0xec37.png	ec37	60471	
0xec38.png	ec38	60472	
0xec39.png	ec39	60473	
0xec3a.png	ec3a	60474	
0xec3e.png	ec3e	60478	
0xec3f.png	ec3f	60479	
0xec40.png	ec40	60480	
0xec41.png	ec41	60481	
0xec42.png	ec42	60482	
0xec43.png	ec43	60483	
0xec44.png	ec44	60484	
0xec45.png	ec45	60485	
0xec46.png	ec46	60486	
0xec47.png	ec47	60487	
0xec48.png	ec48	60488	
0xec49.png	ec49	60489	
0xec4a.png	ec4a	60490	
0xec4b.png	ec4b	60491	
0xec4e.png	ec4e	60494	
0xec4f.png	ec4f	60495	
0xec50.png	ec50	60496	
0xec51.png	ec51	60497	
0xec52.png	ec52	60498	
0xec53.png	ec53	60499	
0xec54.png	ec54	60500	
0xec55.png	ec55	60501	
0xec56.png	ec56	60502	
0xec57.png	ec57	60503	
0xec58.png	ec58	60504	
0xec59.png	ec59	60505	
0xec5a.png	ec5a	60506	
0xec5b.png	ec5b	60507	
0xec5d.png	ec5d	60509	
0xec5e.png	ec5e	60510	
0xec5f.png	ec5f	60511	
0xec60.png	ec60	60512	
0xec61.png	ec61	60513	
0xec62.png	ec62	60514	
0xec63.png	ec63	60515	
0xec64.png	ec64	60516	
0xec65.png	ec65	60517	
0xec66.png	ec66	60518	
0xec67.png	ec67	60519	
0xec68.png	ec68	60520	
0xec69.png	ec69	60521	
0xec6a.png	ec6a	60522	
0xec6b.png	ec6b	60523	
0xec70.png	ec70	60528	
0xec71.png	ec71	60529	
0xec72.png	ec72	60530	
0xec73.png	ec73	60531	
0xec74.png	ec74	60532	
0xec75.png	ec75	60533	
0xec76.png	ec76	60534	
0xec77.png	ec77	60535	
0xec78.png	ec78	60536	
0xec79.png	ec79	60537	
0xec7a.png	ec7a	60538	
0xec7b.png	ec7b	60539	
0xec80.png	ec80	60544	
0xec81.png	ec81	60545	
0xec82.png	ec82	60546	
0xec83.png	ec83	60547	
0xec84.png	ec84	60548	
0xec85.png	ec85	60549	
0xec86.png	ec86	60550	
0xec87.png	ec87	60551	
0xec88.png	ec88	60552	
0xec89.png	ec89	60553	
0xec8a.png	ec8a	60554	
0xec8b.png	ec8b	60555	
0xec90.png	ec90	60560	
0xec91.png	ec91	60561	
0xec92.png	ec92	60562	
0xec93.png	ec93	60563	
0xec94.png	ec94	60564	
0xec95.png	ec95	60565	
0xec96.png	ec96	60566	
0xec97.png	ec97	60567	
0xec98.png	ec98	60568	
0xec99.png	ec99	60569	
0xec9a.png	ec9a	60570	
0xec9b.png	ec9b	60571	
0xec9f.png	ec9f	60575	
0xeca0.png	eca0	60576	
0xeca1.png	eca1	60577	
0xeca2.png	eca2	60578	
0xeca3.png	eca3	60579	
0xeca4.png	eca4	60580	
0xeca5.png	eca5	60581	
0xeca6.png	eca6	60582	
0xeca7.png	eca7	60583	
0xeca8.png	eca8	60584	
0xeca9.png	eca9	60585	
0xecaa.png	ecaa	60586	
0xecaf.png	ecaf	60591	
0xecb0.png	ecb0	60592	
0xecb1.png	ecb1	60593	
0xecb2.png	ecb2	60594	
0xecb3.png	ecb3	60595	
0xecb4.png	ecb4	60596	
0xecb5.png	ecb5	60597	
0xecb6.png	ecb6	60598	
0xecc0.png	ecc0	60608	
0xecc1.png	ecc1	60609	
0xecc2.png	ecc2	60610	
0xecc3.png	ecc3	60611	
0xecc4.png	ecc4	60612	
0xecc5.png	ecc5	60613	
0xecc6.png	ecc6	60614	
0xecc7.png	ecc7	60615	
0xecc8.png	ecc8	60616	
0xecc9.png	ecc9	60617	
0xecca.png	ecca	60618	
0xecd0.png	ecd0	60624	
0xecd1.png	ecd1	60625	
0xecd2.png	ecd2	60626	
0xecd3.png	ecd3	60627	
0xecd4.png	ecd4	60628	
0xecd5.png	ecd5	60629	
0xecd6.png	ecd6	60630	
0xecd7.png	ecd7	60631	
0xecd8.png	ecd8	60632	
0xecd9.png	ecd9	60633	
0xecda.png	ecda	60634	
0xecdf.png	ecdf	60639	
0xece0.png	ece0	60640	
0xece1.png	ece1	60641	
0xece2.png	ece2	60642	
0xece3.png	ece3	60643	
0xece4.png	ece4	60644	
0xece5.png	ece5	60645	
0xece6.png	ece6	60646	
0xece7.png	ece7	60647	
0xece8.png	ece8	60648	
0xece9.png	ece9	60649	
0xecea.png	ecea	60650	
0xecf0.png	ecf0	60656	
0xecf1.png	ecf1	60657	
0xecf2.png	ecf2	60658	
0xecf3.png	ecf3	60659	
0xecf4.png	ecf4	60660	
0xecf5.png	ecf5	60661	
0xecf6.png	ecf6	60662	
0xecf7.png	ecf7	60663	
0xecf8.png	ecf8	60664	
0xecf9.png	ecf9	60665	
0xecfa.png	ecfa	60666	
0xecfb.png	ecfb	60667	
0xecfc.png	ecfc	60668	
0xecfd.png	ecfd	60669	
0xecfe.png	ecfe	60670	
0xecff.png	ecff	60671	
0xed00.png	ed00	60672	
0xed01.png	ed01	60673	
0xed02.png	ed02	60674	
0xed03.png	ed03	60675	
0xed04.png	ed04	60676	
0xed05.png	ed05	60677	
0xed06.png	ed06	60678	
0xed07.png	ed07	60679	
0xed08.png	ed08	60680	
0xed09.png	ed09	60681	
0xed0a.png	ed0a	60682	
0xed0b.png	ed0b	60683	
0xed0c.png	ed0c	60684	
0xed0d.png	ed0d	60685	
0xed0f.png	ed0f	60687	
0xed10.png	ed10	60688	
0xed11.png	ed11	60689	
0xed12.png	ed12	60690	
0xed13.png	ed13	60691	
0xed14.png	ed14	60692	
0xed15.png	ed15	60693	
0xed16.png	ed16	60694	
0xed17.png	ed17	60695	
0xed18.png	ed18	60696	
0xed19.png	ed19	60697	
0xed1a.png	ed1a	60698	
0xed1b.png	ed1b	60699	
0xed20.png	ed20	60704	
0xed21.png	ed21	60705	
0xed22.png	ed22	60706	
0xed23.png	ed23	60707	
0xed24.png	ed24	60708	
0xed25.png	ed25	60709	
0xed26.png	ed26	60710	
0xed27.png	ed27	60711	
0xed28.png	ed28	60712	
0xed29.png	ed29	60713	
0xed2a.png	ed2a	60714	
0xed2b.png	ed2b	60715	
0xed2c.png	ed2c	60716	
0xed2d.png	ed2d	60717	
0xed2e.png	ed2e	60718	
0xed2f.png	ed2f	60719	
0xed30.png	ed30	60720	
0xed31.png	ed31	60721	
0xed32.png	ed32	60722	
0xed33.png	ed33	60723	
0xed34.png	ed34	60724	
0xed35.png	ed35	60725	
0xed36.png	ed36	60726	
0xed37.png	ed37	60727	
0xed38.png	ed38	60728	
0xed39.png	ed39	60729	
0xed3a.png	ed3a	60730	
0xed3b.png	ed3b	60731	
0xed3c.png	ed3c	60732	
0xed3d.png	ed3d	60733	
0xed3e.png	ed3e	60734	
0xed3f.png	ed3f	60735	
0xed40.png	ed40	60736	
0xed41.png	ed41	60737	
0xed42.png	ed42	60738	
0xed43.png	ed43	60739	
0xed44.png	ed44	60740	
0xed45.png	ed45	60741	
0xed46.png	ed46	60742	
0xed47.png	ed47	60743	
0xed48.png	ed48	60744	
0xed49.png	ed49	60745	
0xed4a.png	ed4a	60746	
0xed4b.png	ed4b	60747	
0xed50.png	ed50	60752	
0xed51.png	ed51	60753	
0xed52.png	ed52	60754	
0xed53.png	ed53	60755	
0xed54.png	ed54	60756	
0xed55.png	ed55	60757	
0xed56.png	ed56	60758	
0xed57.png	ed57	60759	
0xed58.png	ed58	60760	
0xed59.png	ed59	60761	
0xed5a.png	ed5a	60762	
0xed5b.png	ed5b	60763	
0xf021.png	f021	61473	
0xf023.png	f023	61475	
0xf024.png	f024	61476	
0xf025.png	f025	61477	
0xf026.png	f026	61478	
0xf028.png	f028	61480	
0xf029.png	f029	61481	
0xf02a.png	f02a	61482	
0xf02b.png	f02b	61483	
0xf02c.png	f02c	61484	
0xf02d.png	f02d	61485	
0xf02e.png	f02e	61486	
0xf02f.png	f02f	61487	
0xf030.png	f030	61488	
0xf031.png	f031	61489	
0xf032.png	f032	61490	
0xf033.png	f033	61491	
0xf034.png	f034	61492	
0xf035.png	f035	61493	
0xf036.png	f036	61494	
0xf037.png	f037	61495	
0xf038.png	f038	61496	
0xf039.png	f039	61497	
0xf03a.png	f03a	61498	
0xf03b.png	f03b	61499	
0xf03c.png	f03c	61500	
0xf03d.png	f03d	61501	
0xf03e.png	f03e	61502	
0xf03f.png	f03f	61503	
0xf040.png	f040	61504	
0xf041.png	f041	61505	
0xf042.png	f042	61506	
0xf043.png	f043	61507	
0xf044.png	f044	61508	
0xf045.png	f045	61509	
0xf046.png	f046	61510	
0xf047.png	f047	61511	
0xf048.png	f048	61512	
0xf049.png	f049	61513	
0xf04a.png	f04a	61514	
0xf04b.png	f04b	61515	
0xf04c.png	f04c	61516	
0xf04d.png	f04d	61517	
0xf04e.png	f04e	61518	
0xf04f.png	f04f	61519	
0xf050.png	f050	61520	
0xf051.png	f051	61521	
0xf052.png	f052	61522	
0xf053.png	f053	61523	
0xf054.png	f054	61524	
0xf055.png	f055	61525	
0xf056.png	f056	61526	
0xf057.png	f057	61527	
0xf058.png	f058	61528	
0xf059.png	f059	61529	
0xf05a.png	f05a	61530	
0xf05b.png	f05b	61531	
0xf05c.png	f05c	61532	
0xf05d.png	f05d	61533	
0xf05e.png	f05e	61534	
0xf05f.png	f05f	61535	
0xf060.png	f060	61536	
0xf061.png	f061	61537	
0xf062.png	f062	61538	
0xf063.png	f063	61539	
0xf064.png	f064	61540	
0xf065.png	f065	61541	
0xf066.png	f066	61542	
0xf067.png	f067	61543	
0xf068.png	f068	61544	
0xf069.png	f069	61545	
0xf06a.png	f06a	61546	
0xf06b.png	f06b	61547	
0xf06c.png	f06c	61548	
0xf06d.png	f06d	61549	
0xf06e.png	f06e	61550	
0xf06f.png	f06f	61551	
0xf070.png	f070	61552	
0xf071.png	f071	61553	
0xf072.png	f072	61554	
0xf073.png	f073	61555	
0xf074.png	f074	61556	
0xf075.png	f075	61557	
0xf076.png	f076	61558	
0xf077.png	f077	61559	
0xf078.png	f078	61560	
0xf079.png	f079	61561	
0xf07a.png	f07a	61562	
0xf07b.png	f07b	61563	
0xf07c.png	f07c	61564	
0xf07d.png	f07d	61565	
0xf07e.png	f07e	61566	
0xf082.png	f082	61570	
0xf083.png	f083	61571	
0xf084.png	f084	61572	
0xf085.png	f085	61573	
0xf086.png	f086	61574	
0xf087.png	f087	61575	
0xf088.png	f088	61576	
0xf089.png	f089	61577	
0xf08a.png	f08a	61578	
0xf08b.png	f08b	61579	
0xf096.png	f096	61590	
0xf097.png	f097	61591	
0xf098.png	f098	61592	
0xf099.png	f099	61593	
0xf09a.png	f09a	61594	
0xf09b.png	f09b	61595	
0xf09c.png	f09c	61596	
0xf09d.png	f09d	61597	
0xf09e.png	f09e	61598	
0xf09f.png	f09f	61599	
0xf0a1.png	f0a1	61601	
0xf0a2.png	f0a2	61602	
0xf0a3.png	f0a3	61603	
0xf0a4.png	f0a4	61604	
0xf0a5.png	f0a5	61605	
0xf0a6.png	f0a6	61606	
0xf0a7.png	f0a7	61607	
0xf0a8.png	f0a8	61608	
0xf0a9.png	f0a9	61609	
0xf0aa.png	f0aa	61610	
0xf0ab.png	f0ab	61611	
0xf0ac.png	f0ac	61612	
0xf0ad.png	f0ad	61613	
0xf0ae.png	f0ae	61614	
0xf0af.png	f0af	61615	
0xf0b0.png	f0b0	61616	
0xf0b1.png	f0b1	61617	
0xf0b2.png	f0b2	61618	
0xf0b3.png	f0b3	61619	
0xf0b4.png	f0b4	61620	
0xf0b5.png	f0b5	61621	
0xf0b6.png	f0b6	61622	
0xf0b7.png	f0b7	61623	
0xf0b8.png	f0b8	61624	
0xf0b9.png	f0b9	61625	
0xf0ba.png	f0ba	61626	
0xf0bb.png	f0bb	61627	
0xf0bc.png	f0bc	61628	
0xf0bd.png	f0bd	61629	
0xf0be.png	f0be	61630	
0xf0bf.png	f0bf	61631	
0xf0c0.png	f0c0	61632	
0xf0c1.png	f0c1	61633	
0xf0c2.png	f0c2	61634	
0xf0c3.png	f0c3	61635	
0xf0c4.png	f0c4	61636	
0xf0c5.png	f0c5	61637	
0xf0c6.png	f0c6	61638	
0xf0c7.png	f0c7	61639	
0xf0c8.png	f0c8	61640	
0xf0c9.png	f0c9	61641	
0xf0ca.png	f0ca	61642	
0xf0cb.png	f0cb	61643	
0xf0cc.png	f0cc	61644	
0xf0cd.png	f0cd	61645	
0xf0ce.png	f0ce	61646	
0xf0cf.png	f0cf	61647	
0xf0d0.png	f0d0	61648	
0xf0d1.png	f0d1	61649	
0xf0d2.png	f0d2	61650	
0xf0d3.png	f0d3	61651	
0xf0d4.png	f0d4	61652	
0xf0d5.png	f0d5	61653	
0xf0d6.png	f0d6	61654	
0xf0d7.png	f0d7	61655	
0xf0d8.png	f0d8	61656	
0xf0d9.png	f0d9	61657	
0xf0da.png	f0da	61658	
0xf0db.png	f0db	61659	
0xf0dc.png	f0dc	61660	
0xf0dd.png	f0dd	61661	
0xf0de.png	f0de	61662	
0xf0df.png	f0df	61663	
0xf0e0.png	f0e0	61664	
0xf0e1.png	f0e1	61665	
0xf0e2.png	f0e2	61666	
0xf0e3.png	f0e3	61667	
0xf0e4.png	f0e4	61668	
0xf0e5.png	f0e5	61669	
0xf0e6.png	f0e6	61670	
0xf0e7.png	f0e7	61671	
0xf0e8.png	f0e8	61672	
0xf0e9.png	f0e9	61673	
0xf0ea.png	f0ea	61674	
0xf0eb.png	f0eb	61675	
0xf0ec.png	f0ec	61676	
0xf0ed.png	f0ed	61677	
0xf0ee.png	f0ee	61678	
0xf0ef.png	f0ef	61679	
0xf0f0.png	f0f0	61680	
0xf0f1.png	f0f1	61681	
0xf0f2.png	f0f2	61682	
0xf0f3.png	f0f3	61683	
0xf0f4.png	f0f4	61684	
0xf0f5.png	f0f5	61685	
0xf0f6.png	f0f6	61686	
0xf0f7.png	f0f7	61687	
0xf0f8.png	f0f8	61688	
0xf0f9.png	f0f9	61689	
0xf0fa.png	f0fa	61690	
0xf0fb.png	f0fb	61691	
0xf0fc.png	f0fc	61692	
0xf0fd.png	f0fd	61693	
0xf0fe.png	f0fe	61694	
0xf0ff.png	f0ff	61695	
0xf25b.png	f25b	62043	
